,date,new_cases_smoothed,new_deaths_smoothed,new_cases_smoothed_per_million,new_deaths_smoothed_per_million,icu_patients,icu_patients_per_million,hosp_patients,hosp_patients_per_million,positive_rate
0,2020-03-01,22.385,0.352,0.454,0.006,277.818,8.374,1511.545,42.825,0.099
1,2020-03-02,27.231,0.517,0.541,0.008,280.06,8.407,1430.287,41.713,0.099
2,2020-03-03,33.099,0.802,0.65,0.013,286.151,8.516,1383.479,41.101,0.101
3,2020-03-04,41.286,1.088,0.833,0.018,292.818,8.637,1354.21,40.78,0.102
4,2020-03-05,52.934,1.527,1.083,0.025,298.636,8.732,1351.845,40.964,0.104
5,2020-03-06,66.451,2.088,1.414,0.035,310.545,8.942,1383.203,41.628,0.108
6,2020-03-07,84.407,2.539,1.774,0.043,320.818,9.118,1397.918,42.028,0.109
7,2020-03-08,102.121,4.077,2.215,0.069,329.594,9.285,1484.447,43.595,0.109
8,2020-03-09,129.352,5.154,2.898,0.088,338.818,9.455,1574.243,45.273,0.113
9,2020-03-10,154.473,6.912,3.794,0.118,354.364,9.736,1680.579,47.161,0.116
10,2020-03-11,198.505,9.154,5.132,0.157,370.636,10.036,1811.729,49.591,0.118
11,2020-03-12,224.747,10.802,5.974,0.187,386.0,10.363,1957.691,52.245,0.117
12,2020-03-13,317.978,14.275,8.404,0.25,408.868,10.773,2122.375,55.403,0.121
13,2020-03-14,376.703,16.791,9.761,0.301,438.273,11.389,2316.508,58.819,0.121
14,2020-03-15,432.538,20.582,11.165,0.375,466.969,11.933,2555.818,63.135,0.122
15,2020-03-16,513.593,24.769,12.832,0.451,501.385,12.68,2822.668,67.984,0.121
16,2020-03-17,594.198,29.165,14.591,0.55,532.636,13.304,3119.909,74.133,0.122
17,2020-03-18,681.527,33.505,16.14,0.639,562.273,14.028,3315.636,77.314,0.121
18,2020-03-19,827.329,40.429,19.474,0.783,612.727,15.229,3602.182,83.998,0.122
19,2020-03-20,912.055,48.967,21.093,0.954,662.364,16.425,3777.364,88.438,0.122
20,2020-03-21,1036.473,60.967,24.18,1.199,713.545,17.676,4036.273,94.035,0.124
21,2020-03-22,1147.022,69.593,27.154,1.389,758.364,18.652,4367.273,100.82,0.127
22,2020-03-23,1291.011,80.758,31.001,1.657,833.364,20.47,4663.818,107.82,0.131
23,2020-03-24,1411.363,93.835,34.155,1.947,913.091,22.08,4965.364,114.374,0.132
24,2020-03-25,1573.407,110.308,38.372,2.318,989.909,23.938,5298.455,122.214,0.135
25,2020-03-26,1737.648,125.363,42.767,2.674,1052.727,25.453,5641.182,128.554,0.134
26,2020-03-27,1889.308,140.626,46.889,3.042,1120.273,27.147,5988.091,137.441,0.132
27,2020-03-28,2031.121,154.319,50.505,3.373,1193.182,28.77,6341.273,144.254,0.132
28,2020-03-29,2120.374,167.011,53.039,3.719,1246.091,30.244,6697.091,150.959,0.136
29,2020-03-30,2175.538,181.505,54.46,4.038,1323.091,32.308,7047.091,157.62,0.133
30,2020-03-31,2303.659,193.945,57.522,4.355,1410.364,34.271,7387.909,163.811,0.132
31,2020-04-01,2356.384,214.56,58.833,4.782,1480.182,35.775,7678.091,169.105,0.13
32,2020-04-02,2340.066,228.813,58.374,5.114,1551.545,37.243,7881.455,174.546,0.127
33,2020-04-03,2352.582,244.549,59.063,5.453,1634.455,38.887,8140.455,177.701,0.129
34,2020-04-04,2081.264,253.439,54.699,5.39,1679.455,39.974,8406.636,181.997,0.127
35,2020-04-05,2039.967,256.571,53.696,5.419,1715.909,40.903,8571.727,183.781,0.123
36,2020-04-06,1977.165,260.758,52.297,5.493,1739.455,41.501,8774.727,190.794,0.121
37,2020-04-07,1852.934,278.11,50.124,5.85,1765.636,41.949,8833.545,191.961,0.119
38,2020-04-08,1664.386,273.286,47.259,5.814,1768.182,42.024,8898.273,193.597,0.116
39,2020-04-09,1426.242,282.549,43.524,5.965,1758.727,41.849,8928.882,192.947,0.115
40,2020-04-10,1444.898,280.077,43.493,5.876,1761.727,41.567,8973.46,193.169,0.113
41,2020-04-11,1778.571,273.747,47.989,5.983,1739.727,41.154,8964.369,193.577,0.111
42,2020-04-12,2287.385,273.989,55.003,5.937,1733.545,41.01,9009.064,193.804,0.109
43,2020-04-13,2238.736,269.154,53.564,5.812,1722.091,40.385,8998.545,193.179,0.108
44,2020-04-14,2379.594,254.549,54.463,5.51,1701.909,40.034,9005.54,193.606,0.106
45,2020-04-15,2311.582,264.857,52.539,5.699,1664.091,39.141,8849.0,190.823,0.104
46,2020-04-16,2406.165,256.538,53.685,5.587,1641.0,38.948,8724.727,189.214,0.102
47,2020-04-17,2402.242,254.264,52.376,5.562,1606.364,38.106,8500.636,185.052,0.099
48,2020-04-18,2373.736,252.725,51.558,5.567,1589.727,37.527,8360.584,181.192,0.098
49,2020-04-19,1841.077,244.341,43.623,5.428,1557.0,36.772,8343.091,180.431,0.097
50,2020-04-20,1809.472,240.616,43.172,5.35,1543.182,36.501,8308.273,180.312,0.092
51,2020-04-21,1667.088,242.407,41.367,5.448,1490.273,35.263,8189.091,177.47,0.093
52,2020-04-22,1642.132,225.0,41.034,5.168,1439.818,34.087,8101.818,175.69,0.09
53,2020-04-23,1429.264,215.341,37.144,4.937,1401.364,33.381,7835.727,169.681,0.086
54,2020-04-24,1235.901,206.385,33.12,4.811,1346.818,32.06,7616.818,165.53,0.063
55,2020-04-25,1201.373,202.286,32.538,4.694,1317.273,31.631,7445.0,161.581,0.061
56,2020-04-26,1110.934,195.681,30.378,4.532,1288.909,30.985,7403.364,160.379,0.055
57,2020-04-27,1101.022,188.33,29.649,4.429,1256.727,30.245,7299.455,158.873,0.055
58,2020-04-28,1058.582,178.451,28.172,4.109,1213.909,29.262,7129.455,155.04,0.051
59,2020-04-29,970.209,173.33,26.125,3.959,1164.818,28.289,6961.182,151.709,0.048
60,2020-04-30,930.154,164.56,25.055,3.81,1122.364,27.355,6763.273,147.726,0.044
61,2020-05-01,1002.033,151.198,26.455,3.492,1078.182,26.28,6584.455,142.986,0.045
62,2020-05-02,940.945,148.143,24.13,3.421,1049.455,25.602,6508.545,141.124,0.043
63,2020-05-03,897.461,143.033,22.793,3.345,1034.0,25.236,6479.364,140.694,0.041
64,2020-05-04,821.143,137.231,21.481,3.243,1010.091,24.792,6394.0,139.195,0.039
65,2020-05-05,773.176,129.275,20.597,3.122,961.364,23.521,6241.455,136.721,0.037
66,2020-05-06,791.374,124.121,20.856,2.931,909.909,22.517,6062.545,133.59,0.036
67,2020-05-07,773.615,119.505,20.721,2.832,869.727,21.601,5870.727,129.585,0.035
68,2020-05-08,747.945,121.264,20.513,2.918,830.455,20.69,5698.636,125.814,0.035
69,2020-05-09,719.989,108.604,20.49,2.679,798.273,19.954,5583.364,122.584,0.034
70,2020-05-10,702.67,106.011,20.263,2.592,785.0,19.377,5513.091,120.891,0.033
71,2020-05-11,724.528,102.516,20.481,2.456,768.909,19.05,5500.364,120.901,0.033
72,2020-05-12,711.769,100.802,20.265,2.36,729.364,18.175,5315.455,116.226,0.032
73,2020-05-13,649.33,93.132,18.927,2.312,691.455,17.232,5169.636,113.011,0.031
74,2020-05-14,611.286,91.627,17.695,2.222,664.273,16.636,4989.0,109.48,0.03
75,2020-05-15,582.857,84.901,16.863,2.076,641.364,16.02,4839.455,106.171,0.028
76,2020-05-16,571.791,84.758,16.571,2.037,613.636,15.418,4700.0,103.496,0.028
77,2020-05-17,553.769,85.791,16.141,2.041,600.455,15.199,4678.364,102.749,0.027
78,2020-05-18,512.187,82.495,15.409,1.978,582.545,14.738,4646.818,102.456,0.026
79,2020-05-19,499.725,73.187,14.992,1.818,558.455,14.042,4545.727,100.417,0.026
80,2020-05-20,489.429,69.308,14.958,1.685,530.273,13.472,4405.091,97.478,0.025
81,2020-05-21,477.956,62.494,14.728,1.548,515.273,13.024,4301.545,95.528,0.025
82,2020-05-22,484.22,66.077,14.7,1.566,498.727,12.632,4226.0,93.677,0.025
83,2020-05-23,475.297,63.187,14.615,1.547,481.909,12.096,4138.455,91.664,0.025
84,2020-05-24,465.088,60.066,14.437,1.498,472.909,12.029,4118.0,90.806,0.025
85,2020-05-25,438.418,59.82,13.948,1.512,463.091,11.775,4052.636,90.164,0.024
86,2020-05-26,414.472,59.292,13.623,1.541,444.273,11.322,3952.727,88.123,0.023
87,2020-05-27,389.593,57.867,13.199,1.508,424.727,10.869,3842.545,86.011,0.023
88,2020-05-28,428.769,56.677,13.964,1.507,410.364,10.58,3723.091,83.541,0.022
89,2020-05-29,409.319,53.953,13.879,1.484,398.636,10.279,3592.818,80.931,0.021
90,2020-05-30,417.868,50.311,13.933,1.393,388.909,10.024,3503.545,79.157,0.021
91,2020-05-31,416.055,45.411,14.002,1.298,383.545,9.998,3453.818,77.848,0.02
92,2020-06-01,420.121,40.67,14.193,1.187,378.273,9.909,3433.273,77.963,0.02
93,2020-06-02,396.67,37.154,13.914,1.084,368.818,9.651,3370.727,76.295,0.02
94,2020-06-03,356.099,35.396,13.561,1.034,347.364,9.125,3264.273,74.033,0.02
95,2020-06-04,342.923,32.011,13.565,0.918,334.273,8.81,3176.727,72.57,0.019
96,2020-06-05,337.539,31.527,13.907,0.907,321.091,8.465,3090.545,70.421,0.019
97,2020-06-06,326.165,30.077,14.226,0.846,312.0,8.283,3019.727,68.988,0.019
98,2020-06-07,329.594,29.473,14.518,0.827,309.909,8.317,2972.909,67.944,0.018
99,2020-06-08,331.396,29.44,14.688,0.843,303.091,8.145,2933.364,67.318,0.018
100,2020-06-09,346.604,28.802,15.172,0.786,290.636,7.941,2870.909,65.719,0.018
101,2020-06-10,386.78,26.868,16.076,0.755,279.182,7.791,2785.182,63.437,0.018
102,2020-06-11,343.286,25.385,15.597,0.722,266.455,7.452,2693.03,61.25,0.019
103,2020-06-12,344.791,22.56,15.666,0.625,262.545,7.313,2616.636,59.866,0.018
104,2020-06-13,341.088,22.099,15.718,0.623,259.727,7.208,2572.455,58.835,0.018
105,2020-06-14,339.945,21.637,15.558,0.612,259.0,7.23,2557.182,59.08,0.018
106,2020-06-15,335.011,20.462,15.576,0.573,254.818,7.075,2531.545,58.67,0.018
107,2020-06-16,338.121,19.242,15.784,0.572,245.818,6.789,2494.909,57.917,0.018
108,2020-06-17,342.934,18.67,15.963,0.584,235.545,6.521,2426.636,56.504,0.018
109,2020-06-18,361.802,18.945,16.597,0.587,231.091,6.355,2383.545,55.427,0.018
110,2020-06-19,352.945,30.769,16.389,0.809,222.545,6.118,2334.091,54.501,0.018
111,2020-06-20,348.901,29.747,15.997,0.767,221.0,6.12,2294.273,53.842,0.018
112,2020-06-21,346.934,29.418,15.801,0.76,216.0,6.01,2268.636,53.215,0.017
113,2020-06-22,348.22,28.824,15.98,0.732,216.818,6.017,2235.091,52.607,0.017
114,2020-06-23,347.341,28.461,16.085,0.787,210.091,5.897,2190.091,51.959,0.017
115,2020-06-24,346.407,26.517,16.349,0.703,206.727,5.803,2137.0,50.722,0.017
116,2020-06-25,324.56,26.341,15.66,0.713,201.0,5.595,2088.182,49.263,0.016
117,2020-06-26,334.417,14.088,15.897,0.498,197.455,5.463,2026.364,48.229,0.016
118,2020-06-27,336.615,12.934,16.14,0.481,193.091,5.332,1988.818,47.289,0.016
119,2020-06-28,325.868,12.769,16.487,0.478,192.909,5.357,1982.455,47.378,0.016
120,2020-06-29,325.813,12.912,16.501,0.48,189.818,5.184,1979.545,47.016,0.016
121,2020-06-30,307.549,11.769,15.668,0.413,189.273,5.136,1928.364,46.027,0.016
122,2020-07-01,294.022,12.264,14.488,0.409,184.091,5.06,1895.182,45.508,0.015
123,2020-07-02,283.901,11.703,13.896,0.416,179.545,4.858,1839.455,43.836,0.015
124,2020-07-03,265.022,10.527,13.094,0.361,175.727,4.741,1802.636,42.882,0.015
125,2020-07-04,254.055,10.616,12.554,0.361,173.636,4.753,1774.182,42.126,0.015
126,2020-07-05,253.527,10.385,12.157,0.361,171.909,4.728,1774.727,42.306,0.014
127,2020-07-06,261.22,10.143,11.709,0.359,171.0,4.658,1761.727,41.646,0.015
128,2020-07-07,257.374,9.484,11.206,0.325,167.0,4.53,1715.727,40.736,0.015
129,2020-07-08,259.341,9.121,11.204,0.315,163.273,4.364,1670.909,39.81,0.015
130,2020-07-09,260.527,8.574,10.991,0.288,160.364,4.312,1638.091,38.54,0.015
131,2020-07-10,263.077,8.317,10.762,0.287,158.273,4.171,1602.364,37.483,0.015
132,2020-07-11,263.681,7.978,10.809,0.282,154.182,4.12,1586.545,37.013,0.015
133,2020-07-12,263.55,7.857,10.621,0.28,153.545,4.103,1580.909,37.039,0.015
134,2020-07-13,276.637,7.813,10.938,0.275,153.636,4.082,1578.273,36.912,0.016
135,2020-07-14,283.429,7.242,11.11,0.252,150.545,4.028,1558.727,36.51,0.016
136,2020-07-15,284.989,7.253,10.985,0.249,148.636,3.946,1554.182,36.434,0.016
137,2020-07-16,298.604,7.143,11.191,0.241,146.818,3.859,1515.455,35.177,0.016
138,2020-07-17,311.088,6.912,11.417,0.245,145.364,3.801,1504.909,34.716,0.016
139,2020-07-18,308.418,6.8,11.133,0.238,143.909,3.696,1493.273,34.432,0.016
140,2020-07-19,309.89,6.753,11.126,0.235,143.545,3.711,1485.455,34.246,0.016
141,2020-07-20,347.418,6.695,11.811,0.232,141.727,3.645,1483.273,34.245,0.017
142,2020-07-21,355.516,6.352,11.996,0.233,142.182,3.669,1467.364,34.091,0.016
143,2020-07-22,367.539,5.297,12.23,0.216,137.636,3.527,1468.364,34.03,0.017
144,2020-07-23,393.022,4.824,12.744,0.199,135.636,3.492,1409.909,33.162,0.017
145,2020-07-24,410.846,4.824,13.159,0.197,131.364,3.334,1375.909,32.385,0.017
146,2020-07-25,414.505,4.868,13.161,0.202,129.364,3.288,1366.545,32.192,0.017
147,2020-07-26,418.505,5.044,13.312,0.212,130.364,3.245,1364.0,32.06,0.017
148,2020-07-27,444.176,4.648,13.852,0.2,131.364,3.289,1365.636,32.287,0.018
149,2020-07-28,456.593,4.593,14.236,0.177,128.182,3.18,1358.727,32.146,0.018
150,2020-07-29,479.374,4.945,14.784,0.185,127.091,3.168,1346.545,31.842,0.018
151,2020-07-30,495.033,4.934,15.331,0.189,127.455,3.12,1338.364,31.625,0.019
152,2020-07-31,513.616,4.637,15.724,0.171,126.0,3.07,1329.273,31.387,0.019
153,2020-08-01,518.857,4.582,16.097,0.167,126.455,3.094,1327.545,31.289,0.02
154,2020-08-02,517.945,4.628,16.043,0.169,127.091,3.121,1325.182,31.294,0.02
155,2020-08-03,566.506,5.022,17.318,0.176,127.727,3.15,1327.636,31.571,0.021
156,2020-08-04,623.121,4.989,18.741,0.17,127.636,3.171,1325.182,31.537,0.022
157,2020-08-05,647.692,4.78,19.4,0.152,125.455,3.147,1324.364,31.391,0.023
158,2020-08-06,671.528,4.747,20.191,0.146,125.273,3.126,1309.636,30.907,0.023
159,2020-08-07,714.528,4.626,21.587,0.129,122.818,3.038,1301.545,30.734,0.024
160,2020-08-08,720.143,4.758,21.771,0.136,123.0,3.013,1295.818,30.623,0.024
161,2020-08-09,734.242,4.692,22.288,0.137,124.364,3.033,1294.182,30.711,0.024
162,2020-08-10,760.407,5.209,23.178,0.155,125.0,3.082,1309.364,31.168,0.025
163,2020-08-11,753.033,5.166,23.155,0.162,126.182,3.165,1307.273,31.016,0.025
164,2020-08-12,782.879,4.967,24.422,0.149,126.0,3.209,1295.909,30.886,0.025
165,2020-08-13,845.626,5.44,25.892,0.161,125.0,3.152,1298.091,30.893,0.026
166,2020-08-14,874.758,5.758,26.556,0.18,125.364,3.164,1289.182,30.645,0.026
167,2020-08-15,920.703,7.341,27.791,0.209,126.0,3.15,1284.273,30.221,0.026
168,2020-08-16,956.626,7.407,28.584,0.21,125.455,3.114,1286.273,30.107,0.026
169,2020-08-17,996.352,6.835,29.299,0.194,127.273,3.239,1300.727,30.829,0.027
170,2020-08-18,1029.154,7.363,30.139,0.215,125.636,3.149,1293.455,30.766,0.027
171,2020-08-19,1074.857,8.791,30.63,0.249,126.909,3.149,1296.909,30.854,0.026
172,2020-08-20,1097.791,8.56,30.929,0.241,128.545,3.189,1294.091,30.874,0.026
173,2020-08-21,1151.956,8.67,31.853,0.248,131.0,3.268,1303.091,30.954,0.025
174,2020-08-22,1164.352,7.264,32.009,0.224,133.495,3.344,1327.043,31.495,0.025
175,2020-08-23,1191.418,7.22,32.375,0.22,140.184,3.516,1353.897,32.072,0.025
176,2020-08-24,1251.945,7.286,33.688,0.226,144.182,3.609,1384.636,32.804,0.025
177,2020-08-25,1294.802,7.626,34.189,0.23,144.818,3.593,1389.909,32.961,0.025
178,2020-08-26,1272.374,6.44,33.847,0.196,143.909,3.569,1403.0,33.154,0.025
179,2020-08-27,1384.033,6.824,35.794,0.209,146.727,3.566,1423.818,33.735,0.026
180,2020-08-28,1435.33,6.572,36.587,0.199,150.636,3.724,1447.909,34.339,0.026
181,2020-08-29,1456.165,6.473,36.903,0.195,158.005,3.93,1475.045,34.799,0.025
182,2020-08-30,1473.549,6.363,37.354,0.193,163.476,4.042,1516.625,35.702,0.025
183,2020-08-31,1538.703,7.066,38.932,0.203,166.0,4.096,1538.636,36.386,0.026
184,2020-09-01,1566.439,7.133,39.577,0.205,166.545,4.118,1527.455,36.036,0.026
185,2020-09-02,1662.484,7.352,41.48,0.208,172.364,4.217,1541.455,36.173,0.026
186,2020-09-03,1613.187,7.341,41.149,0.211,178.909,4.334,1576.909,36.974,0.026
187,2020-09-04,1651.967,8.846,42.536,0.245,184.091,4.454,1608.455,37.644,0.026
188,2020-09-05,1701.615,9.011,43.748,0.249,187.675,4.556,1620.801,37.87,0.026
189,2020-09-06,1738.429,9.231,44.604,0.261,190.962,4.668,1651.461,38.693,0.026
190,2020-09-07,1814.275,9.472,46.67,0.279,200.0,4.887,1700.364,40.202,0.026
191,2020-09-08,1877.604,10.121,49.17,0.294,204.818,4.921,1711.545,40.531,0.026
192,2020-09-09,1928.824,9.912,51.391,0.286,216.182,5.285,1765.0,41.89,0.027
193,2020-09-10,2013.703,10.242,54.361,0.289,220.818,5.468,1771.545,42.084,0.028
194,2020-09-11,2077.626,9.857,57.046,0.275,233.0,5.712,1793.727,42.971,0.028
195,2020-09-12,2154.604,9.835,60.276,0.281,231.67,5.681,1819.379,43.497,0.03
196,2020-09-13,2172.725,9.912,61.992,0.286,228.693,5.616,1836.652,44.246,0.03
197,2020-09-14,2206.549,10.33,63.352,0.295,240.273,5.975,1925.818,46.719,0.031
198,2020-09-15,2259.638,11.55,66.024,0.326,257.0,6.313,2034.182,49.469,0.032
199,2020-09-16,2341.286,14.242,68.388,0.394,263.909,6.513,2068.818,50.481,0.034
200,2020-09-17,2403.978,15.934,72.469,0.445,269.909,6.69,2102.909,51.886,0.035
201,2020-09-18,2510.912,17.681,75.827,0.482,277.0,6.932,2125.0,52.423,0.036
202,2020-09-19,2575.165,18.132,78.156,0.489,284.81,7.352,2140.641,53.136,0.037
203,2020-09-20,2646.824,18.648,80.064,0.511,292.52,7.53,2183.267,54.498,0.038
204,2020-09-21,2732.022,19.67,83.072,0.542,305.636,7.827,2258.0,56.838,0.039
205,2020-09-22,2817.868,21.242,86.007,0.584,317.455,8.246,2284.961,57.835,0.04
206,2020-09-23,2897.505,20.923,88.916,0.598,328.636,8.642,2317.0,59.316,0.041
207,2020-09-24,3000.505,20.736,90.327,0.598,338.091,8.993,2380.091,61.382,0.041
208,2020-09-25,3070.494,21.462,92.981,0.624,349.091,9.343,2416.545,62.782,0.042
209,2020-09-26,3109.418,22.44,94.038,0.669,356.148,9.642,2436.118,63.026,0.043
210,2020-09-27,3157.341,22.67,95.699,0.672,363.835,9.873,2499.38,64.858,0.044
211,2020-09-28,3160.648,23.187,95.652,0.67,378.0,10.298,2559.818,66.651,0.044
212,2020-09-29,3062.286,21.297,93.882,0.637,385.091,10.462,2585.182,68.398,0.044
213,2020-09-30,3227.099,24.769,98.175,0.704,391.909,10.585,2609.727,69.24,0.046
214,2020-10-01,3223.582,26.198,99.161,0.73,402.909,11.103,2616.182,70.064,0.047
215,2020-10-02,3214.725,26.418,100.202,0.737,410.364,11.358,2646.182,71.031,0.048
216,2020-10-03,3359.736,26.549,103.509,0.744,417.588,11.607,2689.846,71.838,0.05
217,2020-10-04,3607.549,27.033,108.378,0.764,427.039,11.846,2793.002,74.403,0.052
218,2020-10-05,3693.604,27.187,111.913,0.794,444.182,12.484,2920.818,78.728,0.054
219,2020-10-06,4017.791,30.945,120.779,0.903,445.455,12.601,3019.636,82.432,0.057
220,2020-10-07,4133.396,28.745,124.981,0.884,458.182,13.129,3114.727,85.747,0.059
221,2020-10-08,4460.978,29.29,134.099,0.923,470.727,13.845,3186.091,88.398,0.062
222,2020-10-09,4812.879,31.151,145.899,0.98,480.636,14.157,3272.545,91.543,0.067
223,2020-10-10,5089.242,32.23,154.343,1.021,486.78,14.358,3329.979,93.088,0.069
224,2020-10-11,5131.385,33.377,157.842,1.066,489.251,14.19,3385.925,94.707,0.07
225,2020-10-12,5370.143,35.346,164.756,1.135,511.0,15.004,3595.545,101.936,0.072
226,2020-10-13,5547.539,35.41,173.188,1.148,539.091,15.869,3849.727,108.761,0.074
227,2020-10-14,5873.846,39.044,185.066,1.248,557.182,16.488,4047.273,115.326,0.077
228,2020-10-15,6240.637,41.428,197.027,1.317,582.909,17.16,4219.0,120.418,0.079
229,2020-10-16,6517.275,44.473,205.786,1.407,609.455,18.033,4409.455,126.297,0.08
230,2020-10-17,6790.121,46.582,215.964,1.479,632.083,18.422,4602.45,130.847,0.081
231,2020-10-18,7178.341,48.132,226.764,1.535,651.794,18.919,4843.286,137.592,0.083
232,2020-10-19,7569.165,50.582,238.523,1.619,690.727,20.103,5137.0,147.426,0.086
233,2020-10-20,7985.824,56.582,251.872,1.777,722.455,21.0,5467.091,157.008,0.089
234,2020-10-21,8444.648,59.286,266.786,1.884,753.0,22.165,5752.0,166.141,0.093
235,2020-10-22,8882.396,63.407,282.492,2.026,781.636,23.029,6049.364,174.633,0.098
236,2020-10-23,9509.813,67.571,300.977,2.189,818.091,23.779,6418.545,184.855,0.102
237,2020-10-24,10023.077,71.956,316.824,2.318,852.926,24.854,6694.715,190.762,0.105
238,2020-10-25,10079.78,73.802,323.954,2.417,886.132,25.754,7016.26,200.273,0.106
239,2020-10-26,11145.132,78.989,347.299,2.575,935.182,27.282,7429.818,213.482,0.109
240,2020-10-27,11741.923,86.549,367.049,2.791,997.636,29.128,7922.091,226.579,0.112
241,2020-10-28,12135.692,92.069,377.414,2.917,1051.727,30.745,8301.364,235.526,0.116
242,2020-10-29,12649.681,98.088,390.549,3.115,1095.273,31.934,8683.818,248.533,0.118
243,2020-10-30,13189.352,105.56,406.734,3.349,1151.636,33.33,9082.364,260.468,0.12
244,2020-10-31,13368.967,112.341,413.95,3.552,1190.472,34.397,9391.424,265.198,0.122
245,2020-11-01,14039.516,117.846,426.801,3.718,1227.078,35.329,9643.382,272.361,0.125
246,2020-11-02,14657.55,123.703,436.697,3.896,1291.273,37.265,10128.727,288.763,0.125
247,2020-11-03,15099.989,136.429,446.879,4.226,1361.0,39.074,10630.545,302.056,0.127
248,2020-11-04,14662.791,158.626,452.077,4.881,1406.636,39.595,10946.545,309.653,0.129
249,2020-11-05,15013.637,168.011,462.793,5.112,1440.364,40.286,11189.182,315.316,0.131
250,2020-11-06,15246.747,179.637,467.294,5.372,1480.455,41.348,11375.818,320.185,0.132
251,2020-11-07,15992.143,184.484,480.333,5.539,1513.435,41.9,11591.316,320.267,0.133
252,2020-11-08,15990.912,188.121,480.939,5.655,1550.446,42.847,11851.978,324.714,0.133
253,2020-11-09,14872.802,192.868,460.963,5.775,1595.818,43.99,12261.0,338.171,0.135
254,2020-11-10,14542.22,199.264,462.104,5.936,1614.727,44.136,12460.909,344.776,0.136
255,2020-11-11,15378.473,199.121,468.448,5.971,1643.818,44.775,12648.273,348.068,0.134
256,2020-11-12,15162.033,204.462,463.062,6.11,1671.273,45.431,12763.091,350.065,0.133
257,2020-11-13,14787.714,206.846,458.311,6.155,1696.364,45.881,12915.091,353.184,0.133
258,2020-11-14,14102.813,211.824,443.44,6.256,1705.897,46.217,12912.884,349.984,0.132
259,2020-11-15,13862.78,216.308,438.353,6.421,1729.437,46.682,13087.085,353.877,0.133
260,2020-11-16,13769.165,220.56,442.642,6.566,1740.091,46.8,13309.364,362.466,0.133
261,2020-11-17,13960.692,226.011,438.222,6.601,1752.182,46.979,13346.182,362.395,0.132
262,2020-11-18,13541.209,226.736,427.351,6.7,1756.0,47.256,13331.0,365.028,0.128
263,2020-11-19,13221.022,228.912,420.409,6.72,1753.182,47.357,13207.818,361.065,0.127
264,2020-11-20,12970.022,238.462,412.435,6.977,1741.091,46.841,13073.273,356.968,0.126
265,2020-11-21,12667.011,238.363,406.259,7.006,1735.542,46.832,12907.001,348.351,0.125
266,2020-11-22,12323.077,240.077,398.061,6.983,1741.899,46.717,12961.271,348.918,0.123
267,2020-11-23,11871.802,242.099,382.599,7.006,1742.182,46.975,13093.273,357.111,0.118
268,2020-11-24,11329.033,246.22,377.454,7.206,1724.545,46.7,12902.636,353.784,0.121
269,2020-11-25,11031.077,248.67,367.263,7.178,1712.364,46.45,12667.818,346.715,0.12
270,2020-11-26,10623.099,253.626,357.013,7.427,1700.091,46.243,12410.364,339.236,0.118
271,2020-11-27,10169.528,254.659,344.412,7.513,1675.0,45.659,12230.364,334.367,0.115
272,2020-11-28,9811.528,257.297,333.205,7.642,1651.647,44.681,11991.223,325.248,0.112
273,2020-11-29,9510.846,254.659,325.666,7.603,1645.098,44.514,11969.88,325.511,0.112
274,2020-11-30,9195.187,253.154,316.771,7.565,1640.364,44.617,12105.818,332.605,0.108
275,2020-12-01,8917.692,248.615,306.241,7.462,1605.455,43.316,11937.091,329.191,0.101
276,2020-12-02,8671.088,247.978,301.645,7.59,1580.909,42.745,11674.182,321.758,0.101
277,2020-12-03,8509.11,247.297,294.942,7.488,1564.909,42.417,11451.727,315.698,0.1
278,2020-12-04,8325.472,242.044,289.998,7.321,1546.091,41.872,11279.0,311.512,0.099
279,2020-12-05,8387.659,239.835,290.63,7.2,1529.047,41.405,11049.376,303.076,0.1
280,2020-12-06,8516.593,239.978,293.323,7.22,1521.49,41.083,11061.257,303.308,0.1
281,2020-12-07,8355.055,236.0,289.59,6.995,1516.881,40.84,11241.804,312.444,0.101
282,2020-12-08,8326.231,230.516,289.671,6.852,1505.715,40.486,11161.815,311.028,0.101
283,2020-12-09,8305.528,226.0,293.133,6.652,1496.091,40.234,11032.455,308.996,0.103
284,2020-12-10,8441.934,226.593,299.162,6.649,1490.727,40.021,10935.364,306.827,0.103
285,2020-12-11,8666.989,227.967,306.996,6.817,1487.182,40.052,10811.455,302.817,0.105
286,2020-12-12,8743.352,230.275,313.707,6.885,1480.698,40.072,10702.175,297.889,0.104
287,2020-12-13,8844.725,228.044,318.796,6.812,1490.798,40.384,10743.518,298.687,0.104
288,2020-12-14,8985.67,229.956,325.178,6.895,1503.364,40.912,10933.818,307.61,0.104
289,2020-12-15,9222.297,238.429,333.417,7.061,1498.0,40.729,10910.0,308.5,0.104
290,2020-12-16,9595.143,244.681,345.13,7.321,1489.364,40.214,10841.273,306.6,0.105
291,2020-12-17,9907.198,244.308,356.394,7.503,1483.545,40.202,10780.091,304.492,0.106
292,2020-12-18,10094.769,243.286,364.26,7.425,1476.818,39.867,10676.727,301.936,0.105
293,2020-12-19,10192.0,242.517,367.077,7.356,1478.395,39.957,10598.428,297.458,0.104
294,2020-12-20,10307.857,242.934,370.371,7.4,1493.068,40.264,10649.135,299.523,0.104
295,2020-12-21,10644.901,243.132,375.867,7.426,1514.364,40.906,10870.455,308.99,0.103
296,2020-12-22,10924.418,241.901,382.967,7.378,1513.273,41.025,10883.818,309.669,0.103
297,2020-12-23,11033.011,240.923,384.299,7.323,1517.455,41.423,10705.182,304.022,0.103
298,2020-12-24,11026.758,233.099,378.983,6.937,1515.364,40.937,10485.364,293.203,0.1
299,2020-12-25,10502.681,214.582,356.042,6.363,1515.154,40.744,10271.662,287.777,0.1
300,2020-12-26,10048.22,201.56,335.802,6.067,1549.508,41.829,10405.541,292.632,0.101
301,2020-12-27,9810.088,201.099,324.311,5.948,1566.768,42.308,10671.285,301.241,0.101
302,2020-12-28,9749.297,203.791,320.808,5.977,1593.0,43.544,10994.455,315.885,0.103
303,2020-12-29,9889.494,206.253,335.662,6.06,1608.909,44.392,11157.455,320.957,0.111
304,2020-12-30,10282.747,215.154,349.189,6.345,1622.273,44.774,11202.0,321.583,0.118
305,2020-12-31,10578.879,221.901,357.857,6.515,1626.727,44.894,11094.0,318.307,0.122
306,2021-01-01,11087.714,225.615,373.236,6.63,1624.151,44.743,10948.891,310.829,0.122
307,2021-01-02,11371.11,228.967,379.258,6.652,1653.539,45.364,11166.851,317.869,0.122
308,2021-01-03,11730.747,230.363,385.899,6.737,1686.475,46.15,11476.953,327.043,0.123
309,2021-01-04,12058.077,230.736,394.553,6.709,1709.545,47.276,11878.818,343.426,0.123
310,2021-01-05,12412.967,236.286,402.478,7.027,1715.636,47.92,11941.364,347.11,0.121
311,2021-01-06,12276.055,230.341,393.704,6.56,1726.79,48.216,12030.827,347.376,0.116
312,2021-01-07,12856.824,238.703,415.858,6.889,1737.182,48.833,12083.273,348.024,0.12
313,2021-01-08,13391.055,265.571,434.693,7.565,1757.273,49.291,12178.54,348.147,0.121
314,2021-01-09,14037.637,282.363,459.625,8.017,1753.834,48.936,12167.88,343.766,0.12
315,2021-01-10,14133.374,286.022,468.582,8.103,1770.679,49.724,12419.223,350.204,0.119
316,2021-01-11,14317.297,289.451,471.035,8.248,1799.0,50.746,12753.0,362.405,0.12
317,2021-01-12,14001.143,290.967,448.019,8.082,1818.636,51.104,12873.364,365.313,0.112
318,2021-01-13,14096.769,302.549,448.614,8.62,1828.545,51.015,12899.182,363.62,0.112
319,2021-01-14,13495.396,306.967,425.371,8.757,1836.091,51.165,12920.818,362.397,0.105
320,2021-01-15,13276.604,300.648,414.878,8.724,1848.0,51.288,12983.182,363.011,0.101
321,2021-01-16,12851.626,305.374,403.099,8.831,1858.325,51.659,12952.495,358.333,0.098
322,2021-01-17,12668.769,307.462,397.762,8.867,1865.578,51.592,13120.514,362.643,0.096
323,2021-01-18,12717.0,303.297,398.013,8.825,1894.0,52.335,13458.727,374.48,0.096
324,2021-01-19,12433.692,313.022,388.024,8.984,1897.545,52.231,13463.091,373.46,0.092
325,2021-01-20,12397.725,318.352,387.934,9.18,1899.818,52.239,13485.727,372.546,0.091
326,2021-01-21,12145.187,317.549,382.673,9.069,1908.182,52.539,13450.636,370.717,0.091
327,2021-01-22,12081.901,323.363,381.629,9.074,1934.455,53.048,13511.091,372.222,0.09
328,2021-01-23,11998.594,318.209,383.713,9.067,1931.2,52.812,13443.283,367.674,0.09
329,2021-01-24,11878.176,317.176,381.607,9.106,1947.223,53.164,13630.927,373.162,0.09
330,2021-01-25,11771.868,326.934,379.942,9.3,1961.091,53.306,13855.636,383.083,0.09
331,2021-01-26,11580.868,316.615,376.282,9.404,1962.636,53.298,13823.818,382.01,0.089
332,2021-01-27,11274.308,311.0,371.052,9.097,1956.455,52.858,13604.545,376.545,0.088
333,2021-01-28,11170.407,316.791,369.951,9.174,1951.182,52.773,13448.182,370.949,0.087
334,2021-01-29,10903.835,312.901,362.216,9.096,1946.818,52.546,13305.818,367.24,0.086
335,2021-01-30,10778.791,317.319,355.744,9.118,1944.668,52.644,13179.342,360.731,0.085
336,2021-01-31,10542.989,312.758,349.255,9.078,1945.509,52.829,13221.351,362.285,0.084
337,2021-02-01,10319.582,310.901,343.611,9.083,1960.455,53.303,13384.0,370.617,0.083
338,2021-02-02,10130.967,315.198,335.761,9.081,1943.545,53.017,13184.636,364.821,0.083
339,2021-02-03,9832.187,309.275,324.84,8.859,1929.909,52.787,12908.455,357.28,0.082
340,2021-02-04,9306.549,293.747,309.55,8.537,1916.545,52.442,12608.727,349.345,0.08
341,2021-02-05,9266.956,296.527,303.701,8.583,1898.818,52.401,12380.909,342.947,0.079
342,2021-02-06,9022.417,283.505,295.139,8.307,1868.134,51.719,12118.745,333.804,0.078
343,2021-02-07,8988.418,281.242,290.231,8.164,1859.656,51.269,12137.392,335.547,0.077
344,2021-02-08,8508.736,275.912,277.139,7.968,1864.182,51.538,12178.545,340.192,0.075
345,2021-02-09,8197.33,267.198,267.279,7.651,1832.909,50.935,11870.727,331.465,0.073
346,2021-02-10,7886.934,259.692,258.207,7.474,1809.091,50.338,11539.182,322.289,0.071
347,2021-02-11,7854.472,257.022,253.617,7.335,1785.455,49.881,11198.182,313.245,0.07
348,2021-02-12,7341.33,244.264,243.081,6.975,1751.636,49.251,10866.091,303.1,0.068
349,2021-02-13,7246.242,240.483,239.057,6.848,1722.654,48.464,10564.851,291.695,0.067
350,2021-02-14,7112.978,237.077,235.11,6.72,1714.934,48.455,10584.941,293.073,0.067
351,2021-02-15,6880.89,228.055,230.24,6.494,1717.0,48.824,10593.364,297.431,0.065
352,2021-02-16,6832.714,215.758,230.722,6.187,1689.273,48.376,10353.091,290.308,0.066
353,2021-02-17,6760.033,210.824,229.241,5.991,1655.182,47.729,10086.818,282.942,0.065
354,2021-02-18,6741.286,202.308,229.823,5.758,1635.273,47.166,9827.636,275.886,0.066
355,2021-02-19,6782.582,196.714,232.872,5.622,1614.545,46.568,9654.0,271.16,0.066
356,2021-02-20,6833.703,191.879,236.006,5.498,1593.062,46.123,9431.173,261.574,0.067
357,2021-02-21,6977.231,190.308,241.174,5.433,1589.687,46.061,9458.516,263.831,0.067
358,2021-02-22,6946.604,189.451,241.453,5.376,1589.545,46.637,9592.182,272.434,0.066
359,2021-02-23,7011.714,183.231,247.548,5.256,1569.068,46.391,9468.195,268.352,0.067
360,2021-02-24,7198.769,173.758,255.691,5.054,1544.818,45.806,9316.727,264.095,0.068
361,2021-02-25,7306.868,166.659,260.495,4.89,1527.727,45.879,9205.727,262.493,0.068
362,2021-02-26,7375.868,163.231,264.748,4.776,1507.0,45.234,9076.364,259.386,0.068
363,2021-02-27,7496.516,162.33,270.638,4.737,1495.949,44.928,8937.718,252.849,0.068
364,2021-02-28,7522.945,161.088,272.559,4.736,1496.459,45.295,9003.917,256.674,0.068
365,2021-03-01,7469.582,158.967,272.226,4.69,1515.545,46.337,9187.182,267.334,0.067
366,2021-03-02,7510.926,152.758,274.46,4.551,1504.091,46.269,9155.455,267.66,0.067
367,2021-03-03,7501.276,154.945,277.354,4.651,1501.364,46.264,9058.273,263.956,0.067
368,2021-03-04,7503.589,155.044,278.144,4.659,1491.0,45.967,8999.364,262.451,0.066
369,2021-03-05,7528.128,153.033,279.92,4.646,1487.273,45.949,8957.091,261.278,0.066
370,2021-03-06,7572.192,150.934,280.107,4.64,1478.507,45.6,8895.011,256.878,0.066
371,2021-03-07,7666.838,150.615,283.017,4.653,1488.243,46.131,8977.079,260.443,0.066
372,2021-03-08,7688.111,148.33,283.396,4.648,1513.273,47.177,9190.636,270.276,0.065
373,2021-03-09,7740.066,147.637,283.944,4.67,1499.818,46.815,9234.636,270.917,0.065
374,2021-03-10,7920.044,141.275,287.333,4.505,1495.182,46.9,9201.182,269.887,0.064
375,2021-03-11,8001.506,140.978,291.419,4.562,1500.364,47.148,9172.273,268.162,0.064
376,2021-03-12,8096.89,134.681,291.591,4.514,1496.091,47.132,9188.273,268.633,0.065
377,2021-03-13,8320.187,134.297,298.535,4.51,1492.79,46.833,9199.345,265.916,0.065
378,2021-03-14,8438.593,134.78,300.187,4.482,1512.325,47.407,9322.705,270.431,0.065
379,2021-03-15,8540.11,132.89,302.683,4.422,1531.818,48.108,9578.545,282.077,0.066
380,2021-03-16,8713.703,132.033,306.274,4.41,1536.909,48.42,9663.909,282.97,0.066
381,2021-03-17,8862.901,131.604,309.042,4.457,1529.091,47.984,9642.455,280.547,0.067
382,2021-03-18,9130.89,129.934,313.311,4.389,1523.364,47.472,9619.636,278.995,0.067
383,2021-03-19,9290.67,128.483,317.729,4.357,1528.248,47.487,9647.947,278.646,0.067
384,2021-03-20,9379.637,129.835,315.78,4.356,1533.067,47.382,9672.672,275.068,0.067
385,2021-03-21,9531.593,129.527,322.05,4.335,1554.693,47.917,9799.311,279.063,0.067
386,2021-03-22,9821.374,135.319,325.092,4.471,1585.091,48.88,10089.273,291.254,0.069
387,2021-03-23,9816.0,135.374,326.491,4.472,1580.091,48.118,10222.273,292.822,0.069
388,2021-03-24,10109.747,133.516,324.61,4.395,1583.091,48.07,10208.818,290.479,0.069
389,2021-03-25,10405.912,140.363,328.742,4.547,1592.0,48.281,10238.364,290.412,0.07
390,2021-03-26,10681.165,152.923,331.842,4.719,1598.455,48.112,10294.909,291.234,0.071
391,2021-03-27,10840.78,153.044,333.973,4.703,1606.297,48.348,10325.148,287.835,0.071
392,2021-03-28,10819.516,152.374,330.19,4.674,1622.844,48.438,10427.179,290.584,0.071
393,2021-03-29,10701.297,147.154,331.834,4.571,1650.818,49.083,10683.091,300.587,0.071
394,2021-03-30,10931.319,146.132,338.66,4.491,1654.818,48.772,10785.182,303.008,0.072
395,2021-03-31,11031.901,148.297,345.554,4.537,1648.0,47.972,10739.182,299.739,0.074
396,2021-04-01,11010.78,144.692,345.154,4.46,1649.455,47.629,10707.545,296.95,0.073
397,2021-04-02,10740.198,132.033,333.199,4.227,1666.795,47.19,10632.668,289.808,0.071
398,2021-04-03,10099.319,133.978,320.896,4.26,1677.182,47.248,10649.636,288.663,0.071
399,2021-04-04,10541.615,135.626,324.203,4.289,1694.629,47.49,10681.522,289.637,0.072
400,2021-04-05,10307.725,130.121,317.787,4.18,1718.455,47.903,10887.182,295.569,0.071
401,2021-04-06,9632.89,122.571,304.832,3.967,1764.727,49.024,11213.091,308.664,0.072
402,2021-04-07,8650.989,128.154,281.723,4.009,1776.364,49.019,11292.909,309.094,0.069
403,2021-04-08,9067.286,133.055,285.673,4.098,1770.818,48.555,11162.0,303.005,0.069
404,2021-04-09,8688.769,142.066,286.159,4.296,1768.182,48.061,11002.909,297.706,0.071
405,2021-04-10,8685.582,143.011,284.995,4.331,1767.172,47.734,10858.096,289.783,0.069
406,2021-04-11,8977.912,143.681,289.808,4.33,1780.493,47.827,10829.295,288.44,0.068
407,2021-04-12,9181.604,149.835,293.177,4.413,1800.091,48.441,10992.0,295.219,0.069
408,2021-04-13,9882.066,158.791,303.476,4.653,1789.182,47.523,10934.364,291.831,0.068
409,2021-04-14,10474.264,154.615,313.923,4.578,1774.0,46.991,10714.091,284.394,0.068
410,2021-04-15,9692.813,148.989,298.597,4.465,1758.727,46.026,10504.545,277.205,0.068
411,2021-04-16,10007.22,141.945,300.229,4.273,1757.545,45.633,10339.0,272.123,0.068
412,2021-04-17,10244.044,138.989,299.796,4.16,1756.525,45.428,10161.562,264.979,0.066
413,2021-04-18,9112.143,136.736,281.453,4.093,1760.864,45.307,10115.33,263.796,0.066
414,2021-04-19,9002.319,136.582,279.703,4.096,1778.818,46.054,10250.818,270.234,0.065
415,2021-04-20,8915.176,134.132,274.428,4.021,1771.182,45.6,10185.273,267.927,0.064
416,2021-04-21,8718.286,132.912,270.029,3.973,1759.818,45.284,9951.727,260.046,0.063
417,2021-04-22,8645.901,132.044,267.106,3.891,1754.636,44.614,9743.364,254.337,0.062
418,2021-04-23,8481.714,131.099,261.84,3.856,1741.273,43.899,9541.182,247.613,0.061
419,2021-04-24,8285.066,130.539,257.468,3.815,1726.087,43.265,9334.88,239.842,0.061
420,2021-04-25,8320.593,129.78,255.58,3.792,1732.331,43.482,9264.347,237.883,0.061
421,2021-04-26,8159.451,127.934,251.404,3.677,1734.636,43.212,9302.273,240.075,0.06
422,2021-04-27,7921.517,126.418,244.104,3.616,1707.727,42.426,9175.818,236.425,0.059
423,2021-04-28,7751.516,122.714,239.087,3.488,1690.182,41.749,8924.455,228.761,0.057
424,2021-04-29,7484.934,120.506,232.475,3.413,1667.273,40.738,8712.273,222.879,0.056
425,2021-04-30,7176.154,117.22,224.04,3.321,1643.727,40.154,8469.364,216.083,0.054
426,2021-05-01,7059.593,114.44,220.197,3.266,1625.059,39.542,8244.241,208.829,0.053
427,2021-05-02,6705.077,112.066,212.046,3.145,1627.145,39.402,8160.69,206.683,0.052
428,2021-05-03,6628.835,110.132,212.002,3.149,1630.818,39.855,8177.273,208.513,0.052
429,2021-05-04,6449.725,102.736,207.858,2.957,1602.727,39.161,8067.455,204.938,0.052
430,2021-05-05,6160.78,99.319,198.364,2.919,1565.364,37.955,7801.0,197.336,0.05
431,2021-05-06,5944.692,97.637,194.779,2.873,1527.091,36.809,7534.909,190.226,0.049
432,2021-05-07,5841.319,95.956,193.41,2.836,1496.818,36.147,7258.091,183.108,0.048
433,2021-05-08,5690.791,95.78,190.52,2.812,1471.805,35.434,7026.562,175.607,0.048
434,2021-05-09,5584.648,95.725,189.881,2.846,1464.354,35.344,6902.612,172.3,0.047
435,2021-05-10,5523.934,94.022,186.738,2.77,1443.273,34.55,6875.091,172.878,0.046
436,2021-05-11,5391.297,96.934,183.589,2.81,1396.182,33.394,6676.636,168.005,0.045
437,2021-05-12,5131.033,92.538,180.618,2.687,1358.909,32.386,6349.364,158.732,0.045
438,2021-05-13,4850.528,88.747,166.578,2.546,1317.273,31.537,6081.091,151.313,0.042
439,2021-05-14,4581.868,84.165,163.239,2.381,1291.545,30.795,5916.545,146.977,0.042
440,2021-05-15,4357.362,79.901,157.54,2.261,1264.694,30.057,5728.454,141.107,0.042
441,2021-05-16,4414.813,78.165,156.425,2.217,1251.263,29.341,5629.091,138.494,0.041
442,2021-05-17,4285.154,75.099,151.708,2.132,1230.455,28.654,5581.0,137.942,0.04
443,2021-05-18,3963.088,71.615,142.549,2.021,1183.545,27.49,5372.182,132.556,0.039
444,2021-05-19,3892.593,70.561,137.461,1.951,1143.091,26.642,5120.545,125.17,0.037
445,2021-05-20,3615.923,66.659,134.454,1.876,1104.636,25.543,4882.909,118.399,0.037
446,2021-05-21,3513.308,64.769,126.366,1.831,1065.545,24.534,4696.455,113.121,0.035
447,2021-05-22,3410.868,63.088,122.753,1.765,1042.054,24.181,4521.184,107.917,0.034
448,2021-05-23,3287.297,62.143,119.445,1.732,1034.598,24.125,4426.812,105.295,0.033
449,2021-05-24,3226.725,58.143,118.503,1.665,1016.909,23.501,4400.727,104.676,0.032
450,2021-05-25,2975.67,56.451,108.769,1.6,991.636,22.807,4263.636,101.09,0.031
451,2021-05-26,2733.077,54.89,100.977,1.542,949.818,21.808,3983.364,94.216,0.029
452,2021-05-27,2780.868,53.077,98.878,1.471,911.636,21.073,3849.818,90.714,0.028
453,2021-05-28,2695.198,51.099,93.637,1.418,874.455,19.984,3665.091,85.917,0.026
454,2021-05-29,2649.978,49.055,93.293,1.36,847.847,19.424,3525.085,81.981,0.026
455,2021-05-30,2606.176,48.11,92.309,1.333,831.679,19.043,3477.753,81.0,0.026
456,2021-05-31,2557.593,49.264,90.621,1.331,813.909,18.684,3440.182,80.175,0.025
457,2021-06-01,2545.308,44.626,84.228,1.207,774.545,17.789,3293.727,76.238,0.022
458,2021-06-02,2386.934,40.758,78.72,1.071,740.364,16.975,3127.818,72.064,0.021
459,2021-06-03,2417.956,37.385,84.392,1.063,712.727,16.276,3022.455,68.913,0.023
460,2021-06-04,2314.319,35.89,81.81,1.007,682.909,15.462,2920.0,66.638,0.023
461,2021-06-05,2219.319,34.978,78.152,0.987,665.892,15.303,2843.796,64.892,0.022
462,2021-06-06,2165.352,34.374,76.382,0.967,659.747,15.052,2811.467,64.058,0.022
463,2021-06-07,2167.44,32.89,75.214,0.928,646.727,14.828,2775.364,63.279,0.021
464,2021-06-08,2138.077,32.494,75.303,0.964,617.636,14.114,2673.909,60.893,0.022
465,2021-06-09,2181.802,30.791,76.147,0.937,592.636,13.53,2549.364,57.612,0.022
466,2021-06-10,2059.637,31.593,66.024,0.884,567.636,12.962,2449.545,55.187,0.019
467,2021-06-11,1993.736,30.483,62.771,0.843,542.091,12.253,2344.182,52.432,0.018
468,2021-06-12,1952.253,29.242,61.202,0.799,526.168,11.998,2272.043,50.339,0.018
469,2021-06-13,1914.055,28.626,59.092,0.788,524.829,11.972,2257.148,50.126,0.018
470,2021-06-14,1893.549,27.407,57.761,0.761,511.727,11.696,2239.636,50.018,0.018
471,2021-06-15,1830.802,25.901,54.527,0.673,489.0,11.145,2163.182,48.325,0.017
472,2021-06-16,1751.132,25.22,50.678,0.659,466.727,10.733,2064.818,45.908,0.016
473,2021-06-17,1607.868,22.648,46.477,0.588,448.455,10.346,1989.909,44.28,0.014
474,2021-06-18,1590.835,21.527,45.261,0.579,431.727,10.056,1922.0,42.963,0.013
475,2021-06-19,1584.0,21.022,44.567,0.568,418.775,9.816,1866.739,41.51,0.013
476,2021-06-20,1575.374,20.725,44.11,0.552,414.104,9.67,1860.352,41.48,0.012
477,2021-06-21,1578.714,20.264,43.67,0.54,405.091,9.44,1852.182,41.35,0.012
478,2021-06-22,1621.176,18.901,45.628,0.545,386.636,9.008,1787.0,39.832,0.013
479,2021-06-23,1690.0,17.692,46.733,0.512,368.727,8.549,1713.455,38.028,0.013
480,2021-06-24,1741.385,16.857,47.579,0.508,358.182,8.449,1646.364,36.439,0.014
481,2021-06-25,1784.703,16.088,48.356,0.481,344.545,8.184,1601.909,35.294,0.014
482,2021-06-26,1857.901,15.758,49.656,0.461,339.262,8.17,1570.476,34.703,0.014
483,2021-06-27,1914.846,15.824,50.792,0.466,339.506,8.112,1578.708,35.085,0.014
484,2021-06-28,2082.407,15.407,53.71,0.459,333.364,7.906,1573.273,35.042,0.014
485,2021-06-29,2203.088,14.89,54.291,0.419,314.364,7.427,1531.0,34.006,0.013
486,2021-06-30,2353.846,14.473,57.688,0.403,302.091,7.216,1503.0,33.258,0.013
487,2021-07-01,2595.407,14.143,63.567,0.379,291.636,6.867,1475.273,32.539,0.014
488,2021-07-02,2836.253,13.33,69.593,0.37,285.273,6.709,1446.364,31.853,0.015
489,2021-07-03,2946.956,13.088,73.571,0.366,281.75,6.625,1429.426,31.396,0.016
490,2021-07-04,3081.648,12.703,77.172,0.344,283.063,6.648,1442.972,31.64,0.017
491,2021-07-05,3407.527,12.505,85.561,0.337,283.091,6.715,1460.727,32.17,0.019
492,2021-07-06,3627.077,11.769,92.491,0.317,277.909,6.563,1456.909,32.011,0.021
493,2021-07-07,3882.396,11.275,100.908,0.309,272.364,6.464,1454.273,31.727,0.023
494,2021-07-08,4088.286,11.571,108.718,0.338,268.0,6.34,1449.0,31.55,0.024
495,2021-07-09,4408.132,11.275,119.064,0.321,267.636,6.372,1469.455,31.973,0.026
496,2021-07-10,4639.066,11.165,128.697,0.313,268.243,6.401,1487.106,32.237,0.027
497,2021-07-11,4853.868,11.275,137.298,0.321,272.258,6.514,1523.878,33.221,0.028
498,2021-07-12,5062.956,10.868,146.063,0.315,278.545,6.643,1577.182,34.81,0.029
499,2021-07-13,5617.44,10.901,162.092,0.314,279.182,6.651,1617.182,35.848,0.031
500,2021-07-14,5925.516,10.648,173.668,0.302,284.909,6.845,1655.273,36.672,0.032
501,2021-07-15,6393.835,10.253,186.09,0.271,287.818,6.932,1697.0,37.758,0.033
502,2021-07-16,6832.78,10.286,197.277,0.277,291.0,7.018,1732.545,38.576,0.035
503,2021-07-17,7197.758,10.385,204.835,0.282,294.494,7.082,1779.572,39.676,0.035
504,2021-07-18,7516.253,10.473,211.15,0.291,298.894,7.171,1844.566,41.198,0.035
505,2021-07-19,7939.066,10.594,219.548,0.292,310.273,7.478,1937.182,43.436,0.037
506,2021-07-20,8015.758,10.857,219.36,0.298,317.091,7.735,1972.455,44.328,0.037
507,2021-07-21,8290.604,11.484,221.938,0.308,322.273,7.77,2022.545,45.468,0.038
508,2021-07-22,8317.363,11.868,219.839,0.323,333.455,8.007,2069.545,46.291,0.038
509,2021-07-23,8215.33,12.165,216.118,0.325,339.636,8.085,2125.545,47.438,0.038
510,2021-07-24,8082.989,13.066,210.564,0.361,352.001,8.355,2178.587,48.481,0.037
511,2021-07-25,7854.879,13.099,203.879,0.358,366.373,8.763,2270.352,50.612,0.037
512,2021-07-26,7656.484,13.802,198.494,0.371,383.273,9.169,2376.818,52.955,0.037
513,2021-07-27,7469.879,14.637,193.841,0.398,395.818,9.557,2414.455,53.668,0.037
514,2021-07-28,7290.165,17.0,189.378,0.447,401.0,9.651,2442.727,54.263,0.036
515,2021-07-29,7192.264,16.033,186.52,0.434,411.455,9.961,2446.455,54.526,0.036
516,2021-07-30,7087.187,16.956,182.93,0.452,423.273,10.055,2474.545,54.734,0.036
517,2021-07-31,6990.165,17.044,180.039,0.462,433.343,10.202,2500.485,55.115,0.035
518,2021-08-01,6974.659,17.549,179.091,0.473,443.407,10.419,2569.498,56.701,0.035
519,2021-08-02,6896.989,18.791,176.41,0.502,461.636,10.824,2640.0,58.342,0.035
520,2021-08-03,6775.813,20.242,173.825,0.536,472.636,11.061,2623.545,58.027,0.035
521,2021-08-04,6776.846,19.286,172.59,0.524,479.727,11.137,2609.818,57.34,0.036
522,2021-08-05,6733.637,21.429,171.155,0.562,486.364,11.316,2606.273,57.117,0.036
523,2021-08-06,6744.143,22.165,170.649,0.59,491.818,11.426,2624.818,57.405,0.037
524,2021-08-07,6807.582,22.39,171.81,0.585,500.337,11.543,2649.627,57.648,0.037
525,2021-08-08,6862.813,22.464,172.605,0.591,513.231,11.809,2725.209,59.22,0.037
526,2021-08-09,6723.846,22.726,170.029,0.609,529.818,12.107,2784.818,60.517,0.037
527,2021-08-10,6776.297,22.704,172.143,0.615,530.545,12.146,2767.455,60.066,0.037
528,2021-08-11,6796.231,23.005,173.14,0.624,532.364,12.213,2759.273,59.677,0.037
529,2021-08-12,6848.066,23.363,174.894,0.636,538.0,12.131,2747.727,59.222,0.038
530,2021-08-13,6862.286,23.703,176.162,0.642,541.273,12.037,2747.182,58.89,0.038
531,2021-08-14,6889.945,24.077,177.304,0.66,544.122,12.145,2752.713,58.957,0.038
532,2021-08-15,6912.374,24.583,178.179,0.676,550.441,12.236,2801.398,60.281,0.039
533,2021-08-16,6875.121,25.099,176.717,0.676,561.818,12.452,2889.455,62.33,0.039
534,2021-08-17,6880.088,26.506,177.01,0.684,567.818,12.437,2895.818,62.1,0.039
535,2021-08-18,6894.0,28.396,177.465,0.725,576.182,12.573,2884.455,61.516,0.039
536,2021-08-19,6862.747,29.956,176.52,0.757,581.455,12.738,2872.091,61.155,0.039
537,2021-08-20,6857.0,31.055,175.888,0.783,587.091,12.801,2863.545,61.221,0.039
538,2021-08-21,6895.78,31.868,176.913,0.79,593.071,12.902,2860.151,61.099,0.039
539,2021-08-22,6943.066,32.736,177.589,0.815,603.722,13.221,2926.623,62.732,0.039
540,2021-08-23,6936.813,34.637,177.779,0.864,615.091,13.362,3003.182,64.482,0.039
541,2021-08-24,7091.583,36.45,181.02,0.928,616.727,13.481,2985.273,64.163,0.039
542,2021-08-25,7081.143,37.308,180.514,0.969,621.727,13.571,2966.273,63.709,0.039
543,2021-08-26,7022.088,38.308,179.807,1.009,622.091,13.548,2937.091,62.713,0.038
544,2021-08-27,6684.703,38.473,175.076,1.017,628.636,13.689,2938.455,62.574,0.038
545,2021-08-28,6838.154,38.857,176.696,1.041,629.472,13.743,2914.194,61.948,0.038
546,2021-08-29,6810.209,38.582,175.891,1.045,638.182,13.901,2945.935,63.155,0.038
547,2021-08-30,6663.022,38.066,172.662,1.017,646.0,14.157,2994.091,64.496,0.037
548,2021-08-31,6374.934,36.319,167.087,0.983,642.182,13.94,2991.455,64.76,0.037
549,2021-09-01,6413.022,36.538,165.487,0.976,642.455,13.985,2972.091,64.236,0.035
550,2021-09-02,6390.451,37.165,164.277,0.97,644.636,14.103,2919.636,63.302,0.036
551,2021-09-03,6555.604,37.802,165.441,0.986,646.182,14.239,2906.818,63.13,0.035
552,2021-09-04,6347.956,37.89,160.917,0.99,643.883,14.174,2876.143,62.266,0.035
553,2021-09-05,6356.846,38.077,160.461,0.994,644.16,14.181,2881.206,62.467,0.034
554,2021-09-06,6370.044,38.385,158.251,1.034,654.455,14.522,2913.364,63.175,0.033
555,2021-09-07,6540.44,39.505,158.499,1.056,652.727,14.486,2887.273,62.997,0.032
556,2021-09-08,6163.044,39.044,153.422,1.047,652.909,14.634,2855.0,62.39,0.032
557,2021-09-09,6228.055,38.264,152.565,1.054,643.455,14.359,2823.0,61.75,0.03
558,2021-09-10,6080.648,37.945,149.898,1.051,635.636,14.096,2805.545,61.625,0.03
559,2021-09-11,5937.0,37.824,147.645,1.052,631.299,14.017,2768.864,60.848,0.029
560,2021-09-12,5775.297,37.11,143.744,1.021,635.788,14.149,2776.516,61.248,0.028
561,2021-09-13,5646.055,36.418,142.858,1.004,636.364,14.129,2799.364,62.183,0.028
562,2021-09-14,5389.714,38.022,140.008,1.047,627.727,14.066,2754.727,61.469,0.027
563,2021-09-15,5277.275,37.572,136.996,1.049,619.727,13.884,2729.818,60.851,0.026
564,2021-09-16,4965.55,37.099,131.782,1.053,610.182,13.63,2625.364,58.539,0.026
565,2021-09-17,4928.165,37.297,129.799,1.081,599.0,13.376,2572.0,57.679,0.025
566,2021-09-18,4884.835,37.681,128.359,1.087,589.202,13.181,2534.328,56.8,0.025
567,2021-09-19,4859.517,37.868,128.125,1.104,590.288,13.188,2538.424,56.876,0.025
568,2021-09-20,4853.527,37.451,126.948,1.087,583.364,13.074,2543.364,57.392,0.025
569,2021-09-21,4778.648,36.055,123.381,1.079,565.455,12.74,2486.455,56.385,0.024
570,2021-09-22,4835.868,36.923,122.795,1.088,552.0,12.475,2414.273,54.593,0.023
571,2021-09-23,4805.308,37.549,120.959,1.077,537.636,12.149,2343.182,53.1,0.023
572,2021-09-24,4786.022,37.297,119.216,1.047,525.545,11.992,2291.182,52.2,0.023
573,2021-09-25,4737.89,36.22,118.151,1.005,522.916,12.031,2273.209,51.547,0.023
574,2021-09-26,4754.418,36.176,118.312,0.993,519.539,11.922,2261.396,51.751,0.022
575,2021-09-27,4750.011,36.176,118.251,1.0,518.727,12.091,2296.273,52.904,0.023
576,2021-09-28,4769.242,34.681,118.474,0.955,504.182,11.681,2275.818,52.405,0.023
577,2021-09-29,4782.769,33.121,118.752,0.928,485.364,11.155,2232.364,51.632,0.023
578,2021-09-30,4772.33,31.483,119.262,0.901,476.364,11.015,2184.636,50.605,0.023
579,2021-10-01,4754.429,30.78,120.047,0.89,464.818,10.676,2140.455,49.687,0.023
580,2021-10-02,4747.89,30.824,119.647,0.909,454.994,10.507,2096.621,48.576,0.024
581,2021-10-03,4708.527,30.472,120.079,0.909,457.045,10.61,2108.932,48.858,0.024
582,2021-10-04,4665.978,29.659,119.732,0.885,456.0,10.548,2157.364,50.446,0.024
583,2021-10-05,4627.022,29.967,118.721,0.88,454.091,10.663,2166.545,50.929,0.025
584,2021-10-06,4713.495,29.879,120.923,0.865,450.273,10.566,2132.0,50.584,0.026
585,2021-10-07,4765.461,29.813,122.635,0.878,440.0,10.268,2102.727,50.048,0.026
586,2021-10-08,4789.22,29.725,123.883,0.868,430.182,10.121,2088.273,49.64,0.027
587,2021-10-09,4921.813,30.275,127.564,0.874,422.318,9.986,2074.086,49.063,0.028
588,2021-10-10,4979.769,30.088,128.507,0.871,419.357,9.959,2087.244,49.54,0.028
589,2021-10-11,5054.11,29.703,130.715,0.876,422.818,10.111,2119.818,51.174,0.028
590,2021-10-12,5150.22,29.033,135.961,0.875,425.575,10.239,2130.656,51.828,0.028
591,2021-10-13,5136.615,28.143,137.852,0.874,423.727,10.185,2128.636,51.952,0.029
592,2021-10-14,5243.066,29.308,138.924,0.889,419.091,10.129,2123.364,52.06,0.029
593,2021-10-15,5411.088,30.033,143.1,0.931,416.636,10.047,2125.091,52.488,0.029
594,2021-10-16,5512.242,29.824,146.746,0.942,417.646,10.064,2127.787,52.529,0.03
595,2021-10-17,5685.813,30.11,151.512,0.959,421.894,10.21,2165.49,53.541,0.03
596,2021-10-18,5848.736,30.615,156.242,0.974,427.818,10.404,2244.273,56.503,0.031
597,2021-10-19,6131.286,31.527,161.831,0.989,430.727,10.482,2297.091,58.384,0.033
598,2021-10-20,6424.714,32.813,170.836,1.031,433.818,10.566,2349.182,60.059,0.034
599,2021-10-21,6666.846,31.769,182.382,1.009,438.545,10.697,2376.636,61.254,0.036
600,2021-10-22,6886.011,31.879,192.134,0.999,439.455,10.82,2399.0,62.836,0.039
601,2021-10-23,7001.055,32.78,200.912,1.036,443.941,10.959,2423.594,63.793,0.04
602,2021-10-24,7098.0,33.055,208.53,1.033,450.692,11.192,2473.54,65.644,0.042
603,2021-10-25,7077.857,32.209,213.074,1.027,463.727,11.787,2575.636,70.025,0.043
604,2021-10-26,7292.769,34.549,221.391,1.073,473.455,12.108,2644.182,73.077,0.045
605,2021-10-27,7490.253,36.989,231.021,1.146,478.091,12.274,2688.909,75.461,0.046
606,2021-10-28,7362.363,37.78,234.78,1.19,483.091,12.449,2731.364,77.169,0.048
607,2021-10-29,7658.516,39.747,243.917,1.251,494.091,12.933,2801.455,80.854,0.051
608,2021-10-30,7910.209,40.637,254.599,1.277,512.1,13.631,2973.8,87.081,0.053
609,2021-10-31,7912.374,40.923,261.368,1.31,522.8,14.104,3054.5,90.865,0.054
